"date","metropolitan_area","for_sale_inventory"
2018-03-31,"United States",1421529
2018-04-30,"United States",1500194
2018-05-31,"United States",1592414
2018-06-30,"United States",1660613
2018-07-31,"United States",1709143
2018-08-31,"United States",1733388
2018-09-30,"United States",1723098
2018-10-31,"United States",1701371
2018-11-30,"United States",1642145
2018-12-31,"United States",1541994
2019-01-31,"United States",1452603
2019-02-28,"United States",1405515
2019-03-31,"United States",1449965
2019-04-30,"United States",1515570
2019-05-31,"United States",1604227
2019-06-30,"United States",1665082
2019-07-31,"United States",1693555
2019-08-31,"United States",1688690
2019-09-30,"United States",1665421
2019-10-31,"United States",1634586
2019-11-30,"United States",1560531
2019-12-31,"United States",1441428
2020-01-31,"United States",1336187
2020-02-29,"United States",1285461
2020-03-31,"United States",1309043
2020-04-30,"United States",1299807
2020-05-31,"United States",1317974
2020-06-30,"United States",1320181
2020-07-31,"United States",1345172
2020-08-31,"United States",1324973
2020-09-30,"United States",1283020
2020-10-31,"United States",1228208
2020-11-30,"United States",1140490
2020-12-31,"United States",1028143
2021-01-31,"United States",949576
2021-02-28,"United States",881616
2021-03-31,"United States",882081
2021-04-30,"United States",882293
2021-05-31,"United States",934109
2021-06-30,"United States",978002
2021-07-31,"United States",1028524
2021-08-31,"United States",1071734
2021-09-30,"United States",1083989
2021-10-31,"United States",1067840
2021-11-30,"United States",997847
2021-12-31,"United States",887059
2022-01-31,"United States",777085
2022-02-28,"United States",706905
2022-03-31,"United States",726913
2022-04-30,"United States",774472
2022-05-31,"United States",860326
2022-06-30,"United States",946905
2022-07-31,"United States",1033311
2022-08-31,"United States",1092069
2022-09-30,"United States",1101482
2022-10-31,"United States",1085079
2022-11-30,"United States",1032570
2022-12-31,"United States",955889
2023-01-31,"United States",884129
2023-02-28,"United States",830977
2023-03-31,"United States",835429
2023-04-30,"United States",845834
2023-05-31,"United States",880510
2023-06-30,"United States",907228
2023-07-31,"United States",930911
2023-08-31,"United States",950311
2023-09-30,"United States",959735
2023-10-31,"United States",977241
2023-11-30,"United States",970238
2023-12-31,"United States",932240
2024-01-31,"United States",890491
2024-02-29,"United States",876361
2024-03-31,"United States",913841
2024-04-30,"United States",967480
2024-05-31,"United States",1036855
2024-06-30,"United States",1101144
2024-07-31,"United States",1149668
2024-08-31,"United States",1173406
2024-09-30,"United States",1180165
2024-10-31,"United States",1181804
2024-11-30,"United States",1157072
2018-03-31,"Chicago-Naperville-Elgin",38581
2018-04-30,"Chicago-Naperville-Elgin",42253
2018-05-31,"Chicago-Naperville-Elgin",45757
2018-06-30,"Chicago-Naperville-Elgin",47492
2018-07-31,"Chicago-Naperville-Elgin",48984
2018-08-31,"Chicago-Naperville-Elgin",49782
2018-09-30,"Chicago-Naperville-Elgin",49630
2018-10-31,"Chicago-Naperville-Elgin",48916
2018-11-30,"Chicago-Naperville-Elgin",46495
2018-12-31,"Chicago-Naperville-Elgin",42304
2019-01-31,"Chicago-Naperville-Elgin",38250
2019-02-28,"Chicago-Naperville-Elgin",36754
2019-03-31,"Chicago-Naperville-Elgin",39387
2019-04-30,"Chicago-Naperville-Elgin",43789
2019-05-31,"Chicago-Naperville-Elgin",48113
2019-06-30,"Chicago-Naperville-Elgin",50794
2019-07-31,"Chicago-Naperville-Elgin",51883
2019-08-31,"Chicago-Naperville-Elgin",52135
2019-09-30,"Chicago-Naperville-Elgin",51829
2019-10-31,"Chicago-Naperville-Elgin",50805
2019-11-30,"Chicago-Naperville-Elgin",47938
2019-12-31,"Chicago-Naperville-Elgin",43093
2020-01-31,"Chicago-Naperville-Elgin",38966
2020-02-29,"Chicago-Naperville-Elgin",37740
2020-03-31,"Chicago-Naperville-Elgin",39339
2020-04-30,"Chicago-Naperville-Elgin",39363
2020-05-31,"Chicago-Naperville-Elgin",39734
2020-06-30,"Chicago-Naperville-Elgin",40277
2020-07-31,"Chicago-Naperville-Elgin",42454
2020-08-31,"Chicago-Naperville-Elgin",43099
2020-09-30,"Chicago-Naperville-Elgin",42308
2020-10-31,"Chicago-Naperville-Elgin",40961
2020-11-30,"Chicago-Naperville-Elgin",38027
2020-12-31,"Chicago-Naperville-Elgin",33837
2021-01-31,"Chicago-Naperville-Elgin",31354
2021-02-28,"Chicago-Naperville-Elgin",29581
2021-03-31,"Chicago-Naperville-Elgin",30715
2021-04-30,"Chicago-Naperville-Elgin",31386
2021-05-31,"Chicago-Naperville-Elgin",34006
2021-06-30,"Chicago-Naperville-Elgin",36266
2021-07-31,"Chicago-Naperville-Elgin",38328
2021-08-31,"Chicago-Naperville-Elgin",39729
2021-09-30,"Chicago-Naperville-Elgin",39806
2021-10-31,"Chicago-Naperville-Elgin",38727
2021-11-30,"Chicago-Naperville-Elgin",35528
2021-12-31,"Chicago-Naperville-Elgin",30559
2022-01-31,"Chicago-Naperville-Elgin",25580
2022-02-28,"Chicago-Naperville-Elgin",22343
2022-03-31,"Chicago-Naperville-Elgin",22775
2022-04-30,"Chicago-Naperville-Elgin",24246
2022-05-31,"Chicago-Naperville-Elgin",26775
2022-06-30,"Chicago-Naperville-Elgin",28894
2022-07-31,"Chicago-Naperville-Elgin",30846
2022-08-31,"Chicago-Naperville-Elgin",31876
2022-09-30,"Chicago-Naperville-Elgin",31682
2022-10-31,"Chicago-Naperville-Elgin",30798
2022-11-30,"Chicago-Naperville-Elgin",28771
2022-12-31,"Chicago-Naperville-Elgin",25674
2023-01-31,"Chicago-Naperville-Elgin",22770
2023-02-28,"Chicago-Naperville-Elgin",20829
2023-03-31,"Chicago-Naperville-Elgin",20922
2023-04-30,"Chicago-Naperville-Elgin",21214
2023-05-31,"Chicago-Naperville-Elgin",22091
2023-06-30,"Chicago-Naperville-Elgin",22706
2023-07-31,"Chicago-Naperville-Elgin",23228
2023-08-31,"Chicago-Naperville-Elgin",23568
2023-09-30,"Chicago-Naperville-Elgin",23569
2023-10-31,"Chicago-Naperville-Elgin",23707
2023-11-30,"Chicago-Naperville-Elgin",22957
2023-12-31,"Chicago-Naperville-Elgin",21135
2024-01-31,"Chicago-Naperville-Elgin",19092
2024-02-29,"Chicago-Naperville-Elgin",18342
2024-03-31,"Chicago-Naperville-Elgin",19059
2024-04-30,"Chicago-Naperville-Elgin",20389
2024-05-31,"Chicago-Naperville-Elgin",21782
2024-06-30,"Chicago-Naperville-Elgin",23134
2024-07-31,"Chicago-Naperville-Elgin",24180
2024-08-31,"Chicago-Naperville-Elgin",24779
2024-09-30,"Chicago-Naperville-Elgin",25144
2024-10-31,"Chicago-Naperville-Elgin",25420
2024-11-30,"Chicago-Naperville-Elgin",24503
2018-03-31,"Peoria",3018
2018-04-30,"Peoria",3188
2018-05-31,"Peoria",3374
2018-06-30,"Peoria",3557
2018-07-31,"Peoria",3677
2018-08-31,"Peoria",3726
2018-09-30,"Peoria",3642
2018-10-31,"Peoria",3532
2018-11-30,"Peoria",3338
2018-12-31,"Peoria",3067
2019-01-31,"Peoria",2805
2019-02-28,"Peoria",2637
2019-03-31,"Peoria",2666
2019-04-30,"Peoria",2807
2019-05-31,"Peoria",2961
2019-06-30,"Peoria",3092
2019-07-31,"Peoria",3163
2019-08-31,"Peoria",3225
2019-09-30,"Peoria",3237
2019-10-31,"Peoria",3186
2019-11-30,"Peoria",3065
2019-12-31,"Peoria",2878
2020-01-31,"Peoria",2717
2020-02-29,"Peoria",2606
2020-03-31,"Peoria",2580
2020-04-30,"Peoria",2554
2020-05-31,"Peoria",2581
2020-06-30,"Peoria",2558
2020-07-31,"Peoria",2529
2020-08-31,"Peoria",2410
2020-09-30,"Peoria",2291
2020-10-31,"Peoria",2159
2020-11-30,"Peoria",2024
2020-12-31,"Peoria",1871
2021-01-31,"Peoria",1746
2021-02-28,"Peoria",1641
2021-03-31,"Peoria",1607
2021-04-30,"Peoria",1593
2021-05-31,"Peoria",1599
2021-06-30,"Peoria",1600
2021-07-31,"Peoria",1644
2021-08-31,"Peoria",1727
2021-09-30,"Peoria",1780
2021-10-31,"Peoria",1751
2021-11-30,"Peoria",1645
2021-12-31,"Peoria",1472
2022-01-31,"Peoria",1292
2022-02-28,"Peoria",1108
2022-03-31,"Peoria",1059
2022-04-30,"Peoria",1070
2022-05-31,"Peoria",1173
2022-06-30,"Peoria",1263
2022-07-31,"Peoria",1348
2022-08-31,"Peoria",1405
2022-09-30,"Peoria",1412
2022-10-31,"Peoria",1392
2022-11-30,"Peoria",1311
2022-12-31,"Peoria",1184
2023-01-31,"Peoria",1052
2023-02-28,"Peoria",945
2023-03-31,"Peoria",908
2023-04-30,"Peoria",895
2023-05-31,"Peoria",932
2023-06-30,"Peoria",967
2023-07-31,"Peoria",1003
2023-08-31,"Peoria",1011
2023-09-30,"Peoria",1017
2023-10-31,"Peoria",1035
2023-11-30,"Peoria",1036
2023-12-31,"Peoria",994
2024-01-31,"Peoria",905
2024-02-29,"Peoria",868
2024-03-31,"Peoria",874
2024-04-30,"Peoria",897
2024-05-31,"Peoria",921
2024-06-30,"Peoria",951
2024-07-31,"Peoria",1010
2024-08-31,"Peoria",1068
2024-09-30,"Peoria",1118
2024-10-31,"Peoria",1153
2024-11-30,"Peoria",1133
2018-03-31,"Davenport-Moline-Rock Island",1143
2018-04-30,"Davenport-Moline-Rock Island",1212
2018-05-31,"Davenport-Moline-Rock Island",1303
2018-06-30,"Davenport-Moline-Rock Island",1411
2018-07-31,"Davenport-Moline-Rock Island",1499
2018-08-31,"Davenport-Moline-Rock Island",1599
2018-09-30,"Davenport-Moline-Rock Island",1621
2018-10-31,"Davenport-Moline-Rock Island",1611
2018-11-30,"Davenport-Moline-Rock Island",1541
2018-12-31,"Davenport-Moline-Rock Island",1407
2019-01-31,"Davenport-Moline-Rock Island",1282
2019-02-28,"Davenport-Moline-Rock Island",1180
2019-03-31,"Davenport-Moline-Rock Island",1205
2019-04-30,"Davenport-Moline-Rock Island",1297
2019-05-31,"Davenport-Moline-Rock Island",1416
2019-06-30,"Davenport-Moline-Rock Island",1508
2019-07-31,"Davenport-Moline-Rock Island",1603
2019-08-31,"Davenport-Moline-Rock Island",1714
2019-09-30,"Davenport-Moline-Rock Island",1782
2019-10-31,"Davenport-Moline-Rock Island",1784
2019-11-30,"Davenport-Moline-Rock Island",1718
2019-12-31,"Davenport-Moline-Rock Island",1617
2020-01-31,"Davenport-Moline-Rock Island",1522
2020-02-29,"Davenport-Moline-Rock Island",1444
2020-03-31,"Davenport-Moline-Rock Island",1419
2020-04-30,"Davenport-Moline-Rock Island",1403
2020-05-31,"Davenport-Moline-Rock Island",1423
2020-06-30,"Davenport-Moline-Rock Island",1429
2020-07-31,"Davenport-Moline-Rock Island",1439
2020-08-31,"Davenport-Moline-Rock Island",1402
2020-09-30,"Davenport-Moline-Rock Island",1349
2020-10-31,"Davenport-Moline-Rock Island",1286
2020-11-30,"Davenport-Moline-Rock Island",1234
2020-12-31,"Davenport-Moline-Rock Island",1163
2021-01-31,"Davenport-Moline-Rock Island",1104
2021-02-28,"Davenport-Moline-Rock Island",1027
2021-03-31,"Davenport-Moline-Rock Island",1022
2021-04-30,"Davenport-Moline-Rock Island",1020
2021-05-31,"Davenport-Moline-Rock Island",1110
2021-06-30,"Davenport-Moline-Rock Island",1246
2021-07-31,"Davenport-Moline-Rock Island",1426
2021-08-31,"Davenport-Moline-Rock Island",1558
2021-09-30,"Davenport-Moline-Rock Island",1617
2021-10-31,"Davenport-Moline-Rock Island",1625
2021-11-30,"Davenport-Moline-Rock Island",1574
2021-12-31,"Davenport-Moline-Rock Island",1452
2022-01-31,"Davenport-Moline-Rock Island",1274
2022-02-28,"Davenport-Moline-Rock Island",1110
2022-03-31,"Davenport-Moline-Rock Island",1006
2022-04-30,"Davenport-Moline-Rock Island",965
2022-05-31,"Davenport-Moline-Rock Island",996
2022-06-30,"Davenport-Moline-Rock Island",1059
2022-07-31,"Davenport-Moline-Rock Island",1087
2022-08-31,"Davenport-Moline-Rock Island",1098
2022-09-30,"Davenport-Moline-Rock Island",1077
2022-10-31,"Davenport-Moline-Rock Island",1065
2022-11-30,"Davenport-Moline-Rock Island",1028
2022-12-31,"Davenport-Moline-Rock Island",954
2023-01-31,"Davenport-Moline-Rock Island",886
2023-02-28,"Davenport-Moline-Rock Island",803
2023-03-31,"Davenport-Moline-Rock Island",787
2023-04-30,"Davenport-Moline-Rock Island",794
2023-05-31,"Davenport-Moline-Rock Island",847
2023-06-30,"Davenport-Moline-Rock Island",921
2023-07-31,"Davenport-Moline-Rock Island",977
2023-08-31,"Davenport-Moline-Rock Island",1034
2023-09-30,"Davenport-Moline-Rock Island",1036
2023-10-31,"Davenport-Moline-Rock Island",1039
2023-11-30,"Davenport-Moline-Rock Island",1001
2023-12-31,"Davenport-Moline-Rock Island",948
2024-01-31,"Davenport-Moline-Rock Island",888
2024-02-29,"Davenport-Moline-Rock Island",846
2024-03-31,"Davenport-Moline-Rock Island",842
2024-04-30,"Davenport-Moline-Rock Island",883
2024-05-31,"Davenport-Moline-Rock Island",950
2024-06-30,"Davenport-Moline-Rock Island",1042
2024-07-31,"Davenport-Moline-Rock Island",1115
2024-08-31,"Davenport-Moline-Rock Island",1196
2024-09-30,"Davenport-Moline-Rock Island",1270
2024-10-31,"Davenport-Moline-Rock Island",1324
2024-11-30,"Davenport-Moline-Rock Island",1318
2018-03-31,"Rockford",1253
2018-04-30,"Rockford",1263
2018-05-31,"Rockford",1343
2018-06-30,"Rockford",1420
2018-07-31,"Rockford",1539
2018-08-31,"Rockford",1618
2018-09-30,"Rockford",1695
2018-10-31,"Rockford",1666
2018-11-30,"Rockford",1585
2018-12-31,"Rockford",1417
2019-01-31,"Rockford",1274
2019-02-28,"Rockford",1172
2019-03-31,"Rockford",1153
2019-04-30,"Rockford",1180
2019-05-31,"Rockford",1252
2019-06-30,"Rockford",1328
2019-07-31,"Rockford",1429
2019-08-31,"Rockford",1527
2019-09-30,"Rockford",1600
2019-10-31,"Rockford",1627
2019-11-30,"Rockford",1572
2019-12-31,"Rockford",1453
2020-01-31,"Rockford",1307
2020-02-29,"Rockford",1204
2020-03-31,"Rockford",1179
2020-04-30,"Rockford",1144
2020-05-31,"Rockford",1130
2020-06-30,"Rockford",1121
2020-07-31,"Rockford",1130
2020-08-31,"Rockford",1143
2020-09-30,"Rockford",1124
2020-10-31,"Rockford",1113
2020-11-30,"Rockford",1055
2020-12-31,"Rockford",953
2021-01-31,"Rockford",843
2021-02-28,"Rockford",725
2021-03-31,"Rockford",674
2021-04-30,"Rockford",650
2021-05-31,"Rockford",711
2021-06-30,"Rockford",795
2021-07-31,"Rockford",907
2021-08-31,"Rockford",1022
2021-09-30,"Rockford",1120
2021-10-31,"Rockford",1149
2021-11-30,"Rockford",1090
2021-12-31,"Rockford",949
2022-01-31,"Rockford",824
2022-02-28,"Rockford",713
2022-03-31,"Rockford",681
2022-04-30,"Rockford",678
2022-05-31,"Rockford",726
2022-06-30,"Rockford",802
2022-07-31,"Rockford",863
2022-08-31,"Rockford",928
2022-09-30,"Rockford",913
2022-10-31,"Rockford",906
2022-11-30,"Rockford",838
2022-12-31,"Rockford",759
2023-01-31,"Rockford",671
2023-02-28,"Rockford",589
2023-03-31,"Rockford",562
2023-04-30,"Rockford",547
2023-05-31,"Rockford",587
2023-06-30,"Rockford",632
2023-07-31,"Rockford",684
2023-08-31,"Rockford",738
2023-09-30,"Rockford",749
2023-10-31,"Rockford",762
2023-11-30,"Rockford",736
2023-12-31,"Rockford",693
2024-01-31,"Rockford",621
2024-02-29,"Rockford",557
2024-03-31,"Rockford",540
2024-04-30,"Rockford",538
2024-05-31,"Rockford",567
2024-06-30,"Rockford",613
2024-07-31,"Rockford",670
2024-08-31,"Rockford",733
2024-09-30,"Rockford",774
2024-10-31,"Rockford",834
2024-11-30,"Rockford",825
2018-03-31,"Champaign-Urbana",1224
2018-04-30,"Champaign-Urbana",1279
2018-05-31,"Champaign-Urbana",1331
2018-06-30,"Champaign-Urbana",1368
2018-07-31,"Champaign-Urbana",1390
2018-08-31,"Champaign-Urbana",1401
2018-09-30,"Champaign-Urbana",1365
2018-10-31,"Champaign-Urbana",1334
2018-11-30,"Champaign-Urbana",1278
2018-12-31,"Champaign-Urbana",1199
2019-01-31,"Champaign-Urbana",1122
2019-02-28,"Champaign-Urbana",1087
2019-03-31,"Champaign-Urbana",1133
2019-04-30,"Champaign-Urbana",1185
2019-05-31,"Champaign-Urbana",1236
2019-06-30,"Champaign-Urbana",1241
2019-07-31,"Champaign-Urbana",1276
2019-08-31,"Champaign-Urbana",1302
2019-09-30,"Champaign-Urbana",1320
2019-10-31,"Champaign-Urbana",1293
2019-11-30,"Champaign-Urbana",1234
2019-12-31,"Champaign-Urbana",1150
2020-01-31,"Champaign-Urbana",1086
2020-02-29,"Champaign-Urbana",1040
2020-03-31,"Champaign-Urbana",1053
2020-04-30,"Champaign-Urbana",1037
2020-05-31,"Champaign-Urbana",1024
2020-06-30,"Champaign-Urbana",983
2020-07-31,"Champaign-Urbana",944
2020-08-31,"Champaign-Urbana",899
2020-09-30,"Champaign-Urbana",845
2020-10-31,"Champaign-Urbana",799
2020-11-30,"Champaign-Urbana",740
2020-12-31,"Champaign-Urbana",676
2021-01-31,"Champaign-Urbana",628
2021-02-28,"Champaign-Urbana",574
2021-03-31,"Champaign-Urbana",567
2021-04-30,"Champaign-Urbana",561
2021-05-31,"Champaign-Urbana",606
2021-06-30,"Champaign-Urbana",635
2021-07-31,"Champaign-Urbana",679
2021-08-31,"Champaign-Urbana",709
2021-09-30,"Champaign-Urbana",709
2021-10-31,"Champaign-Urbana",684
2021-11-30,"Champaign-Urbana",624
2021-12-31,"Champaign-Urbana",554
2022-01-31,"Champaign-Urbana",482
2022-02-28,"Champaign-Urbana",435
2022-03-31,"Champaign-Urbana",444
2022-04-30,"Champaign-Urbana",467
2022-05-31,"Champaign-Urbana",522
2022-06-30,"Champaign-Urbana",572
2022-07-31,"Champaign-Urbana",624
2022-08-31,"Champaign-Urbana",651
2022-09-30,"Champaign-Urbana",645
2022-10-31,"Champaign-Urbana",613
2022-11-30,"Champaign-Urbana",558
2022-12-31,"Champaign-Urbana",489
2023-01-31,"Champaign-Urbana",430
2023-02-28,"Champaign-Urbana",368
2023-03-31,"Champaign-Urbana",354
2023-04-30,"Champaign-Urbana",353
2023-05-31,"Champaign-Urbana",384
2023-06-30,"Champaign-Urbana",407
2023-07-31,"Champaign-Urbana",416
2023-08-31,"Champaign-Urbana",418
2023-09-30,"Champaign-Urbana",416
2023-10-31,"Champaign-Urbana",419
2023-11-30,"Champaign-Urbana",421
2023-12-31,"Champaign-Urbana",402
2024-01-31,"Champaign-Urbana",379
2024-02-29,"Champaign-Urbana",361
2024-03-31,"Champaign-Urbana",360
2024-04-30,"Champaign-Urbana",364
2024-05-31,"Champaign-Urbana",394
2024-06-30,"Champaign-Urbana",425
2024-07-31,"Champaign-Urbana",459
2024-08-31,"Champaign-Urbana",470
2024-09-30,"Champaign-Urbana",476
2024-10-31,"Champaign-Urbana",468
2024-11-30,"Champaign-Urbana",438
2018-03-31,"Springfield",1084
2018-04-30,"Springfield",1187
2018-05-31,"Springfield",1291
2018-06-30,"Springfield",1360
2018-07-31,"Springfield",1433
2018-08-31,"Springfield",1455
2018-09-30,"Springfield",1436
2018-10-31,"Springfield",1385
2018-11-30,"Springfield",1316
2018-12-31,"Springfield",1198
2019-01-31,"Springfield",1105
2019-02-28,"Springfield",1062
2019-03-31,"Springfield",1112
2019-04-30,"Springfield",1186
2019-05-31,"Springfield",1262
2019-06-30,"Springfield",1353
2019-07-31,"Springfield",1390
2019-08-31,"Springfield",1432
2019-09-30,"Springfield",1396
2019-10-31,"Springfield",1350
2019-11-30,"Springfield",1259
2019-12-31,"Springfield",1160
2020-01-31,"Springfield",1096
2020-02-29,"Springfield",1023
2020-03-31,"Springfield",1012
2020-04-30,"Springfield",986
2020-05-31,"Springfield",997
2020-06-30,"Springfield",982
2020-07-31,"Springfield",976
2020-08-31,"Springfield",954
2020-09-30,"Springfield",915
2020-10-31,"Springfield",859
2020-11-30,"Springfield",784
2020-12-31,"Springfield",703
2021-01-31,"Springfield",643
2021-02-28,"Springfield",601
2021-03-31,"Springfield",596
2021-04-30,"Springfield",605
2021-05-31,"Springfield",636
2021-06-30,"Springfield",672
2021-07-31,"Springfield",704
2021-08-31,"Springfield",720
2021-09-30,"Springfield",717
2021-10-31,"Springfield",689
2021-11-30,"Springfield",636
2021-12-31,"Springfield",556
2022-01-31,"Springfield",483
2022-02-28,"Springfield",418
2022-03-31,"Springfield",421
2022-04-30,"Springfield",445
2022-05-31,"Springfield",483
2022-06-30,"Springfield",507
2022-07-31,"Springfield",517
2022-08-31,"Springfield",540
2022-09-30,"Springfield",528
2022-10-31,"Springfield",512
2022-11-30,"Springfield",484
2022-12-31,"Springfield",449
2023-01-31,"Springfield",431
2023-02-28,"Springfield",396
2023-03-31,"Springfield",392
2023-04-30,"Springfield",378
2023-05-31,"Springfield",391
2023-06-30,"Springfield",397
2023-07-31,"Springfield",411
2023-08-31,"Springfield",434
2023-09-30,"Springfield",452
2023-10-31,"Springfield",453
2023-11-30,"Springfield",440
2023-12-31,"Springfield",400
2024-01-31,"Springfield",370
2024-02-29,"Springfield",351
2024-03-31,"Springfield",378
2024-04-30,"Springfield",426
2024-05-31,"Springfield",458
2024-06-30,"Springfield",477
2024-07-31,"Springfield",468
2024-08-31,"Springfield",487
2024-09-30,"Springfield",490
2024-10-31,"Springfield",493
2024-11-30,"Springfield",484
2018-03-31,"Bloomington",1130
2018-04-30,"Bloomington",1232
2018-05-31,"Bloomington",1328
2018-06-30,"Bloomington",1420
2018-07-31,"Bloomington",1486
2018-08-31,"Bloomington",1488
2018-09-30,"Bloomington",1415
2018-10-31,"Bloomington",1306
2018-11-30,"Bloomington",1199
2018-12-31,"Bloomington",1072
2019-01-31,"Bloomington",1006
2019-02-28,"Bloomington",964
2019-03-31,"Bloomington",1017
2019-04-30,"Bloomington",1048
2019-05-31,"Bloomington",1109
2019-06-30,"Bloomington",1138
2019-07-31,"Bloomington",1158
2019-08-31,"Bloomington",1152
2019-09-30,"Bloomington",1118
2019-10-31,"Bloomington",1058
2019-11-30,"Bloomington",974
2019-12-31,"Bloomington",861
2020-01-31,"Bloomington",777
2020-02-29,"Bloomington",742
2020-03-31,"Bloomington",766
2020-04-30,"Bloomington",774
2020-05-31,"Bloomington",779
2020-06-30,"Bloomington",765
2020-07-31,"Bloomington",755
2020-08-31,"Bloomington",725
2020-09-30,"Bloomington",692
2020-10-31,"Bloomington",660
2020-11-30,"Bloomington",605
2020-12-31,"Bloomington",536
2021-01-31,"Bloomington",484
2021-02-28,"Bloomington",439
2021-03-31,"Bloomington",443
2021-04-30,"Bloomington",439
2021-05-31,"Bloomington",472
2021-06-30,"Bloomington",487
2021-07-31,"Bloomington",510
2021-08-31,"Bloomington",528
2021-09-30,"Bloomington",516
2021-10-31,"Bloomington",490
2021-11-30,"Bloomington",428
2021-12-31,"Bloomington",367
2022-01-31,"Bloomington",311
2022-02-28,"Bloomington",276
2022-03-31,"Bloomington",274
2022-04-30,"Bloomington",288
2022-05-31,"Bloomington",336
2022-06-30,"Bloomington",391
2022-07-31,"Bloomington",426
2022-08-31,"Bloomington",441
2022-09-30,"Bloomington",423
2022-10-31,"Bloomington",400
2022-11-30,"Bloomington",363
2022-12-31,"Bloomington",314
2023-01-31,"Bloomington",269
2023-02-28,"Bloomington",228
2023-03-31,"Bloomington",230
2023-04-30,"Bloomington",255
2023-05-31,"Bloomington",283
2023-06-30,"Bloomington",300
2023-07-31,"Bloomington",309
2023-08-31,"Bloomington",316
2023-09-30,"Bloomington",317
2023-10-31,"Bloomington",315
2023-11-30,"Bloomington",310
2023-12-31,"Bloomington",267
2024-01-31,"Bloomington",218
2024-02-29,"Bloomington",190
2024-03-31,"Bloomington",219
2024-04-30,"Bloomington",261
2024-05-31,"Bloomington",310
2024-06-30,"Bloomington",349
2024-07-31,"Bloomington",368
2024-08-31,"Bloomington",369
2024-09-30,"Bloomington",353
2024-10-31,"Bloomington",346
2024-11-30,"Bloomington",316
2018-03-31,"Ottawa-Peru",839
2018-04-30,"Ottawa-Peru",850
2018-05-31,"Ottawa-Peru",887
2018-06-30,"Ottawa-Peru",918
2018-07-31,"Ottawa-Peru",971
2018-08-31,"Ottawa-Peru",993
2018-09-30,"Ottawa-Peru",982
2018-10-31,"Ottawa-Peru",949
2018-11-30,"Ottawa-Peru",891
2018-12-31,"Ottawa-Peru",830
2019-01-31,"Ottawa-Peru",756
2019-02-28,"Ottawa-Peru",708
2019-03-31,"Ottawa-Peru",708
2019-04-30,"Ottawa-Peru",748
2019-05-31,"Ottawa-Peru",807
2019-06-30,"Ottawa-Peru",858
2019-07-31,"Ottawa-Peru",897
2019-08-31,"Ottawa-Peru",944
2019-09-30,"Ottawa-Peru",965
2019-10-31,"Ottawa-Peru",975
2019-11-30,"Ottawa-Peru",925
2019-12-31,"Ottawa-Peru",859
2020-01-31,"Ottawa-Peru",782
2020-02-29,"Ottawa-Peru",745
2020-03-31,"Ottawa-Peru",727
2020-04-30,"Ottawa-Peru",707
2020-05-31,"Ottawa-Peru",692
2020-06-30,"Ottawa-Peru",687
2020-07-31,"Ottawa-Peru",687
2020-08-31,"Ottawa-Peru",670
2020-09-30,"Ottawa-Peru",639
2020-10-31,"Ottawa-Peru",611
2020-11-30,"Ottawa-Peru",562
2020-12-31,"Ottawa-Peru",515
2021-01-31,"Ottawa-Peru",476
2021-02-28,"Ottawa-Peru",443
2021-03-31,"Ottawa-Peru",430
2021-04-30,"Ottawa-Peru",410
2021-05-31,"Ottawa-Peru",427
2021-06-30,"Ottawa-Peru",437
2021-07-31,"Ottawa-Peru",464
2021-08-31,"Ottawa-Peru",499
2021-09-30,"Ottawa-Peru",533
2021-10-31,"Ottawa-Peru",567
2021-11-30,"Ottawa-Peru",557
2021-12-31,"Ottawa-Peru",520
2022-01-31,"Ottawa-Peru",449
2022-02-28,"Ottawa-Peru",385
2022-03-31,"Ottawa-Peru",366
2022-04-30,"Ottawa-Peru",379
2022-05-31,"Ottawa-Peru",412
2022-06-30,"Ottawa-Peru",432
2022-07-31,"Ottawa-Peru",453
2022-08-31,"Ottawa-Peru",482
2022-09-30,"Ottawa-Peru",499
2022-10-31,"Ottawa-Peru",496
2022-11-30,"Ottawa-Peru",469
2022-12-31,"Ottawa-Peru",426
2023-01-31,"Ottawa-Peru",389
2023-02-28,"Ottawa-Peru",358
2023-03-31,"Ottawa-Peru",351
2023-04-30,"Ottawa-Peru",348
2023-05-31,"Ottawa-Peru",357
2023-06-30,"Ottawa-Peru",362
2023-07-31,"Ottawa-Peru",366
2023-08-31,"Ottawa-Peru",373
2023-09-30,"Ottawa-Peru",378
2023-10-31,"Ottawa-Peru",392
2023-11-30,"Ottawa-Peru",398
2023-12-31,"Ottawa-Peru",384
2024-01-31,"Ottawa-Peru",359
2024-02-29,"Ottawa-Peru",340
2024-03-31,"Ottawa-Peru",346
2024-04-30,"Ottawa-Peru",353
2024-05-31,"Ottawa-Peru",356
2024-06-30,"Ottawa-Peru",355
2024-07-31,"Ottawa-Peru",362
2024-08-31,"Ottawa-Peru",368
2024-09-30,"Ottawa-Peru",381
2024-10-31,"Ottawa-Peru",394
2024-11-30,"Ottawa-Peru",396
2018-03-31,"Carbondale-Marion",558
2018-04-30,"Carbondale-Marion",583
2018-05-31,"Carbondale-Marion",614
2018-06-30,"Carbondale-Marion",660
2018-07-31,"Carbondale-Marion",681
2018-08-31,"Carbondale-Marion",697
2018-09-30,"Carbondale-Marion",680
2018-10-31,"Carbondale-Marion",666
2018-11-30,"Carbondale-Marion",637
2018-12-31,"Carbondale-Marion",600
2019-01-31,"Carbondale-Marion",566
2019-02-28,"Carbondale-Marion",551
2019-03-31,"Carbondale-Marion",558
2019-04-30,"Carbondale-Marion",578
2019-05-31,"Carbondale-Marion",600
2019-06-30,"Carbondale-Marion",624
2019-07-31,"Carbondale-Marion",646
2019-08-31,"Carbondale-Marion",650
2019-09-30,"Carbondale-Marion",644
2019-10-31,"Carbondale-Marion",627
2019-11-30,"Carbondale-Marion",608
2019-12-31,"Carbondale-Marion",554
2020-01-31,"Carbondale-Marion",504
2020-02-29,"Carbondale-Marion",458
2020-03-31,"Carbondale-Marion",452
2020-04-30,"Carbondale-Marion",439
2020-05-31,"Carbondale-Marion",441
2020-06-30,"Carbondale-Marion",439
2020-07-31,"Carbondale-Marion",431
2020-08-31,"Carbondale-Marion",410
2020-09-30,"Carbondale-Marion",385
2020-10-31,"Carbondale-Marion",369
2020-11-30,"Carbondale-Marion",343
2020-12-31,"Carbondale-Marion",312
2021-01-31,"Carbondale-Marion",349
2021-02-28,"Carbondale-Marion",403
2021-03-31,"Carbondale-Marion",506
2021-04-30,"Carbondale-Marion",551
2021-05-31,"Carbondale-Marion",614
2021-06-30,"Carbondale-Marion",649
2021-07-31,"Carbondale-Marion",693
2021-08-31,"Carbondale-Marion",730
2021-09-30,"Carbondale-Marion",762
2021-10-31,"Carbondale-Marion",775
2021-11-30,"Carbondale-Marion",768
2021-12-31,"Carbondale-Marion",736
2022-01-31,"Carbondale-Marion",731
2022-02-28,"Carbondale-Marion",719
2022-03-31,"Carbondale-Marion",745
2022-04-30,"Carbondale-Marion",716
2022-05-31,"Carbondale-Marion",701
2022-06-30,"Carbondale-Marion",682
2022-07-31,"Carbondale-Marion",709
2022-08-31,"Carbondale-Marion",742
2022-09-30,"Carbondale-Marion",752
2022-10-31,"Carbondale-Marion",758
2022-11-30,"Carbondale-Marion",737
2022-12-31,"Carbondale-Marion",699
2023-01-31,"Carbondale-Marion",651
2023-02-28,"Carbondale-Marion",599
2023-03-31,"Carbondale-Marion",577
2023-04-30,"Carbondale-Marion",563
2023-05-31,"Carbondale-Marion",555
2023-06-30,"Carbondale-Marion",539
2023-07-31,"Carbondale-Marion",514
2023-08-31,"Carbondale-Marion",502
2023-09-30,"Carbondale-Marion",496
2023-10-31,"Carbondale-Marion",485
2023-11-30,"Carbondale-Marion",474
2023-12-31,"Carbondale-Marion",460
2024-01-31,"Carbondale-Marion",466
2024-02-29,"Carbondale-Marion",488
2024-03-31,"Carbondale-Marion",514
2024-04-30,"Carbondale-Marion",532
2024-05-31,"Carbondale-Marion",532
2024-06-30,"Carbondale-Marion",540
2024-07-31,"Carbondale-Marion",547
2024-08-31,"Carbondale-Marion",558
2024-09-30,"Carbondale-Marion",558
2024-10-31,"Carbondale-Marion",545
2024-11-30,"Carbondale-Marion",536
2018-03-31,"Kankakee",474
2018-04-30,"Kankakee",476
2018-05-31,"Kankakee",494
2018-06-30,"Kankakee",517
2018-07-31,"Kankakee",546
2018-08-31,"Kankakee",559
2018-09-30,"Kankakee",558
2018-10-31,"Kankakee",555
2018-11-30,"Kankakee",558
2018-12-31,"Kankakee",541
2019-01-31,"Kankakee",513
2019-02-28,"Kankakee",475
2019-03-31,"Kankakee",470
2019-04-30,"Kankakee",471
2019-05-31,"Kankakee",489
2019-06-30,"Kankakee",496
2019-07-31,"Kankakee",505
2019-08-31,"Kankakee",520
2019-09-30,"Kankakee",523
2019-10-31,"Kankakee",523
2019-11-30,"Kankakee",493
2019-12-31,"Kankakee",460
2020-01-31,"Kankakee",425
2020-02-29,"Kankakee",404
2020-03-31,"Kankakee",411
2020-04-30,"Kankakee",415
2020-05-31,"Kankakee",420
2020-06-30,"Kankakee",406
2020-07-31,"Kankakee",404
2020-08-31,"Kankakee",400
2020-09-30,"Kankakee",390
2020-10-31,"Kankakee",371
2020-11-30,"Kankakee",341
2020-12-31,"Kankakee",307
2021-01-31,"Kankakee",291
2021-02-28,"Kankakee",278
2021-03-31,"Kankakee",286
2021-04-30,"Kankakee",291
2021-05-31,"Kankakee",320
2021-06-30,"Kankakee",355
2021-07-31,"Kankakee",399
2021-08-31,"Kankakee",439
2021-09-30,"Kankakee",448
2021-10-31,"Kankakee",434
2021-11-30,"Kankakee",407
2021-12-31,"Kankakee",379
2022-01-31,"Kankakee",357
2022-02-28,"Kankakee",339
2022-03-31,"Kankakee",355
2022-04-30,"Kankakee",371
2022-05-31,"Kankakee",401
2022-06-30,"Kankakee",429
2022-07-31,"Kankakee",459
2022-08-31,"Kankakee",482
2022-09-30,"Kankakee",478
2022-10-31,"Kankakee",468
2022-11-30,"Kankakee",442
2022-12-31,"Kankakee",408
2023-01-31,"Kankakee",368
2023-02-28,"Kankakee",343
2023-03-31,"Kankakee",335
2023-04-30,"Kankakee",335
2023-05-31,"Kankakee",333
2023-06-30,"Kankakee",325
2023-07-31,"Kankakee",308
2023-08-31,"Kankakee",294
2023-09-30,"Kankakee",281
2023-10-31,"Kankakee",282
2023-11-30,"Kankakee",277
2023-12-31,"Kankakee",268
2024-01-31,"Kankakee",249
2024-02-29,"Kankakee",242
2024-03-31,"Kankakee",256
2024-04-30,"Kankakee",268
2024-05-31,"Kankakee",271
2024-06-30,"Kankakee",265
2024-07-31,"Kankakee",272
2024-08-31,"Kankakee",281
2024-09-30,"Kankakee",300
2024-10-31,"Kankakee",308
2024-11-30,"Kankakee",313
2018-03-31,"Decatur",654
2018-04-30,"Decatur",672
2018-05-31,"Decatur",698
2018-06-30,"Decatur",716
2018-07-31,"Decatur",742
2018-08-31,"Decatur",756
2018-09-30,"Decatur",747
2018-10-31,"Decatur",727
2018-11-30,"Decatur",690
2018-12-31,"Decatur",634
2019-01-31,"Decatur",575
2019-02-28,"Decatur",537
2019-03-31,"Decatur",547
2019-04-30,"Decatur",587
2019-05-31,"Decatur",623
2019-06-30,"Decatur",666
2019-07-31,"Decatur",696
2019-08-31,"Decatur",719
2019-09-30,"Decatur",712
2019-10-31,"Decatur",686
2019-11-30,"Decatur",642
2019-12-31,"Decatur",581
2020-01-31,"Decatur",529
2020-02-29,"Decatur",497
2020-03-31,"Decatur",517
2020-04-30,"Decatur",535
2020-05-31,"Decatur",550
2020-06-30,"Decatur",540
2020-07-31,"Decatur",551
2020-08-31,"Decatur",560
2020-09-30,"Decatur",550
2020-10-31,"Decatur",519
2020-11-30,"Decatur",471
2020-12-31,"Decatur",436
2021-01-31,"Decatur",402
2021-02-28,"Decatur",373
2021-03-31,"Decatur",358
2021-04-30,"Decatur",347
2021-05-31,"Decatur",355
2021-06-30,"Decatur",361
2021-07-31,"Decatur",379
2021-08-31,"Decatur",409
2021-09-30,"Decatur",418
2021-10-31,"Decatur",411
2021-11-30,"Decatur",383
2021-12-31,"Decatur",348
2022-01-31,"Decatur",316
2022-02-28,"Decatur",286
2022-03-31,"Decatur",295
2022-04-30,"Decatur",308
2022-05-31,"Decatur",334
2022-06-30,"Decatur",343
2022-07-31,"Decatur",356
2022-08-31,"Decatur",357
2022-09-30,"Decatur",351
2022-10-31,"Decatur",355
2022-11-30,"Decatur",339
2022-12-31,"Decatur",309
2023-01-31,"Decatur",269
2023-02-28,"Decatur",251
2023-03-31,"Decatur",253
2023-04-30,"Decatur",243
2023-05-31,"Decatur",236
2023-06-30,"Decatur",237
2023-07-31,"Decatur",246
2023-08-31,"Decatur",267
2023-09-30,"Decatur",271
2023-10-31,"Decatur",281
2023-11-30,"Decatur",272
2023-12-31,"Decatur",265
2024-01-31,"Decatur",249
2024-02-29,"Decatur",239
2024-03-31,"Decatur",236
2024-04-30,"Decatur",236
2024-05-31,"Decatur",247
2024-06-30,"Decatur",271
2024-07-31,"Decatur",286
2024-08-31,"Decatur",302
2024-09-30,"Decatur",303
2024-10-31,"Decatur",312
2024-11-30,"Decatur",305
2018-03-31,"Quincy",318
2018-04-30,"Quincy",340
2018-05-31,"Quincy",362
2018-06-30,"Quincy",375
2018-07-31,"Quincy",382
2018-08-31,"Quincy",380
2018-09-30,"Quincy",378
2018-10-31,"Quincy",385
2018-11-30,"Quincy",385
2018-12-31,"Quincy",376
2019-01-31,"Quincy",356
2019-02-28,"Quincy",343
2019-03-31,"Quincy",346
2019-04-30,"Quincy",363
2019-05-31,"Quincy",377
2019-06-30,"Quincy",387
2019-07-31,"Quincy",385
2019-08-31,"Quincy",385
2019-09-30,"Quincy",385
2019-10-31,"Quincy",389
2019-11-30,"Quincy",391
2019-12-31,"Quincy",379
2020-01-31,"Quincy",363
2020-02-29,"Quincy",348
2020-03-31,"Quincy",342
2020-04-30,"Quincy",332
2020-05-31,"Quincy",333
2020-06-30,"Quincy",341
2020-07-31,"Quincy",354
2020-08-31,"Quincy",356
2020-09-30,"Quincy",346
2020-10-31,"Quincy",330
2020-11-30,"Quincy",317
2020-12-31,"Quincy",298
2021-01-31,"Quincy",274
2021-02-28,"Quincy",245
2021-03-31,"Quincy",229
2021-04-30,"Quincy",221
2021-05-31,"Quincy",215
2021-06-30,"Quincy",206
2021-07-31,"Quincy",211
2021-08-31,"Quincy",224
2021-09-30,"Quincy",242
2021-10-31,"Quincy",225
2021-11-30,"Quincy",200
2021-12-31,"Quincy",158
2022-01-31,"Quincy",136
2022-02-28,"Quincy",114
2022-03-31,"Quincy",107
2022-04-30,"Quincy",109
2022-05-31,"Quincy",122
2022-06-30,"Quincy",138
2022-07-31,"Quincy",153
2022-08-31,"Quincy",166
2022-09-30,"Quincy",178
2022-10-31,"Quincy",188
2022-11-30,"Quincy",185
2022-12-31,"Quincy",170
2023-01-31,"Quincy",162
2023-02-28,"Quincy",161
2023-03-31,"Quincy",170
2023-04-30,"Quincy",166
2023-05-31,"Quincy",171
2023-06-30,"Quincy",177
2023-07-31,"Quincy",191
2023-08-31,"Quincy",194
2023-09-30,"Quincy",190
2023-10-31,"Quincy",196
2023-11-30,"Quincy",199
2023-12-31,"Quincy",203
2024-01-31,"Quincy",191
2024-02-29,"Quincy",184
2024-03-31,"Quincy",178
2024-04-30,"Quincy",182
2024-05-31,"Quincy",185
2024-06-30,"Quincy",186
2024-07-31,"Quincy",185
2024-08-31,"Quincy",184
2024-09-30,"Quincy",189
2024-10-31,"Quincy",195
2024-11-30,"Quincy",198
2018-03-31,"Danville",362
2018-04-30,"Danville",378
2018-05-31,"Danville",406
2018-06-30,"Danville",419
2018-07-31,"Danville",425
2018-08-31,"Danville",425
2018-09-30,"Danville",419
2018-10-31,"Danville",416
2018-11-30,"Danville",405
2018-12-31,"Danville",386
2019-01-31,"Danville",363
2019-02-28,"Danville",352
2019-03-31,"Danville",359
2019-04-30,"Danville",365
2019-05-31,"Danville",371
2019-06-30,"Danville",376
2019-07-31,"Danville",374
2019-08-31,"Danville",370
2019-09-30,"Danville",360
2019-10-31,"Danville",354
2019-11-30,"Danville",338
2019-12-31,"Danville",325
2020-01-31,"Danville",314
2020-02-29,"Danville",312
2020-03-31,"Danville",307
2020-04-30,"Danville",304
2020-05-31,"Danville",300
2020-06-30,"Danville",298
2020-07-31,"Danville",292
2020-08-31,"Danville",290
2020-09-30,"Danville",286
2020-10-31,"Danville",276
2020-11-30,"Danville",259
2020-12-31,"Danville",235
2021-01-31,"Danville",213
2021-02-28,"Danville",182
2021-03-31,"Danville",166
2021-04-30,"Danville",155
2021-05-31,"Danville",161
2021-06-30,"Danville",170
2021-07-31,"Danville",178
2021-08-31,"Danville",189
2021-09-30,"Danville",194
2021-10-31,"Danville",201
2021-11-30,"Danville",193
2021-12-31,"Danville",174
2022-01-31,"Danville",158
2022-02-28,"Danville",141
2022-03-31,"Danville",132
2022-04-30,"Danville",130
2022-05-31,"Danville",138
2022-06-30,"Danville",148
2022-07-31,"Danville",159
2022-08-31,"Danville",175
2022-09-30,"Danville",184
2022-10-31,"Danville",192
2022-11-30,"Danville",190
2022-12-31,"Danville",182
2023-01-31,"Danville",162
2023-02-28,"Danville",137
2023-03-31,"Danville",130
2023-04-30,"Danville",126
2023-05-31,"Danville",139
2023-06-30,"Danville",149
2023-07-31,"Danville",159
2023-08-31,"Danville",164
2023-09-30,"Danville",165
2023-10-31,"Danville",172
2023-11-30,"Danville",177
2023-12-31,"Danville",171
2024-01-31,"Danville",163
2024-02-29,"Danville",160
2024-03-31,"Danville",167
2024-04-30,"Danville",171
2024-05-31,"Danville",159
2024-06-30,"Danville",152
2024-07-31,"Danville",151
2024-08-31,"Danville",163
2024-09-30,"Danville",169
2024-10-31,"Danville",171
2024-11-30,"Danville",169
2018-03-31,"Sterling",288
2018-04-30,"Sterling",296
2018-05-31,"Sterling",305
2018-06-30,"Sterling",320
2018-07-31,"Sterling",340
2018-08-31,"Sterling",357
2018-09-30,"Sterling",361
2018-10-31,"Sterling",349
2018-11-30,"Sterling",328
2018-12-31,"Sterling",298
2019-01-31,"Sterling",279
2019-02-28,"Sterling",268
2019-03-31,"Sterling",272
2019-04-30,"Sterling",288
2019-05-31,"Sterling",306
2019-06-30,"Sterling",315
2019-07-31,"Sterling",319
2019-08-31,"Sterling",332
2019-09-30,"Sterling",350
2019-10-31,"Sterling",363
2019-11-30,"Sterling",351
2019-12-31,"Sterling",329
2020-01-31,"Sterling",303
2020-02-29,"Sterling",289
2020-03-31,"Sterling",285
2020-04-30,"Sterling",287
2020-05-31,"Sterling",299
2020-06-30,"Sterling",306
2020-07-31,"Sterling",301
2020-08-31,"Sterling",284
2020-09-30,"Sterling",269
2020-10-31,"Sterling",254
2020-11-30,"Sterling",243
2020-12-31,"Sterling",226
2021-01-31,"Sterling",224
2021-02-28,"Sterling",219
2021-03-31,"Sterling",223
2021-04-30,"Sterling",227
2021-05-31,"Sterling",241
2021-06-30,"Sterling",260
2021-07-31,"Sterling",275
2021-08-31,"Sterling",299
2021-09-30,"Sterling",311
2021-10-31,"Sterling",314
2021-11-30,"Sterling",296
2021-12-31,"Sterling",266
2022-01-31,"Sterling",238
2022-02-28,"Sterling",211
2022-03-31,"Sterling",203
2022-04-30,"Sterling",205
2022-05-31,"Sterling",218
2022-06-30,"Sterling",241
2022-07-31,"Sterling",259
2022-08-31,"Sterling",282
2022-09-30,"Sterling",286
2022-10-31,"Sterling",291
2022-11-30,"Sterling",275
2022-12-31,"Sterling",249
2023-01-31,"Sterling",227
2023-02-28,"Sterling",213
2023-03-31,"Sterling",214
2023-04-30,"Sterling",214
2023-05-31,"Sterling",211
2023-06-30,"Sterling",202
2023-07-31,"Sterling",192
2023-08-31,"Sterling",191
2023-09-30,"Sterling",186
2023-10-31,"Sterling",178
2023-11-30,"Sterling",161
2023-12-31,"Sterling",145
2024-01-31,"Sterling",130
2024-02-29,"Sterling",125
2024-03-31,"Sterling",126
2024-04-30,"Sterling",133
2024-05-31,"Sterling",134
2024-06-30,"Sterling",136
2024-07-31,"Sterling",145
2024-08-31,"Sterling",164
2024-09-30,"Sterling",180
2024-10-31,"Sterling",191
2024-11-30,"Sterling",190
2018-03-31,"Mount Vernon",233
2018-04-30,"Mount Vernon",233
2018-05-31,"Mount Vernon",237
2018-06-30,"Mount Vernon",246
2018-07-31,"Mount Vernon",255
2018-08-31,"Mount Vernon",261
2018-09-30,"Mount Vernon",260
2018-10-31,"Mount Vernon",252
2018-11-30,"Mount Vernon",239
2018-12-31,"Mount Vernon",223
2019-01-31,"Mount Vernon",207
2019-02-28,"Mount Vernon",197
2019-03-31,"Mount Vernon",197
2019-04-30,"Mount Vernon",199
2019-05-31,"Mount Vernon",202
2019-06-30,"Mount Vernon",206
2019-07-31,"Mount Vernon",213
2019-08-31,"Mount Vernon",219
2019-09-30,"Mount Vernon",226
2019-10-31,"Mount Vernon",229
2019-11-30,"Mount Vernon",228
2019-12-31,"Mount Vernon",216
2020-01-31,"Mount Vernon",209
2020-02-29,"Mount Vernon",205
2020-03-31,"Mount Vernon",208
2020-04-30,"Mount Vernon",204
2020-05-31,"Mount Vernon",198
2020-06-30,"Mount Vernon",190
2020-07-31,"Mount Vernon",186
2020-08-31,"Mount Vernon",178
2020-09-30,"Mount Vernon",164
2020-10-31,"Mount Vernon",147
2020-11-30,"Mount Vernon",131
2020-12-31,"Mount Vernon",117
2021-01-31,"Mount Vernon",115
2021-02-28,"Mount Vernon",123
2021-03-31,"Mount Vernon",138
2021-04-30,"Mount Vernon",148
2021-05-31,"Mount Vernon",161
2021-06-30,"Mount Vernon",185
2021-07-31,"Mount Vernon",201
2021-08-31,"Mount Vernon",220
2021-09-30,"Mount Vernon",223
2021-10-31,"Mount Vernon",225
2021-11-30,"Mount Vernon",218
2021-12-31,"Mount Vernon",196
2022-01-31,"Mount Vernon",172
2022-02-28,"Mount Vernon",149
2022-03-31,"Mount Vernon",147
2022-04-30,"Mount Vernon",150
2022-05-31,"Mount Vernon",158
2022-06-30,"Mount Vernon",172
2022-07-31,"Mount Vernon",182
2022-08-31,"Mount Vernon",192
2022-09-30,"Mount Vernon",190
2022-10-31,"Mount Vernon",189
2022-11-30,"Mount Vernon",179
2022-12-31,"Mount Vernon",166
2023-01-31,"Mount Vernon",154
2023-02-28,"Mount Vernon",149
2023-03-31,"Mount Vernon",150
2023-04-30,"Mount Vernon",143
2023-05-31,"Mount Vernon",129
2023-06-30,"Mount Vernon",114
2023-07-31,"Mount Vernon",103
2023-08-31,"Mount Vernon",99
2023-09-30,"Mount Vernon",95
2023-10-31,"Mount Vernon",88
2023-11-30,"Mount Vernon",82
2023-12-31,"Mount Vernon",73
2024-01-31,"Mount Vernon",69
2024-02-29,"Mount Vernon",65
2024-03-31,"Mount Vernon",70
2024-04-30,"Mount Vernon",80
2024-05-31,"Mount Vernon",85
2024-06-30,"Mount Vernon",88
2024-07-31,"Mount Vernon",87
2024-08-31,"Mount Vernon",90
2024-09-30,"Mount Vernon",86
2024-10-31,"Mount Vernon",77
2024-11-30,"Mount Vernon",71
